"Date","Price","Open","High","Low","Vol.","Change %"
"10/28/2025","122.77","123.80","124.05","122.60","5.62M","-0.55%"
"10/27/2025","123.45","123.88","124.65","123.31","5.38M","-0.23%"
"10/24/2025","123.73","124.77","124.90","123.55","6.03M","-1.10%"
"10/23/2025","125.11","125.81","125.97","124.90","5.01M","-0.07%"
"10/21/2025","125.20","125.63","126.00","125.00","2.11M","0.10%"
"10/20/2025","125.07","123.97","125.57","123.60","6.73M","1.25%"
"10/17/2025","123.52","124.72","125.17","122.71","10.00M","-0.96%"
"10/16/2025","124.72","125.50","125.72","124.40","9.72M","-0.13%"
"10/15/2025","124.88","125.40","128.51","124.30","17.48M","0.29%"
"10/14/2025","124.52","125.50","126.48","124.00","6.67M","-0.78%"
"10/13/2025","125.50","125.05","126.10","124.69","6.07M","-0.79%"
"10/10/2025","126.50","125.07","127.20","124.72","7.69M","1.14%"
"10/09/2025","125.07","124.91","125.35","123.81","5.77M","0.62%"
"10/08/2025","124.30","127.53","127.53","124.00","12.88M","-2.19%"
"10/07/2025","127.08","125.50","127.49","125.05","9.67M","1.47%"
"10/06/2025","125.24","125.84","126.25","124.54","5.11M","-0.48%"
"10/03/2025","125.85","125.54","127.18","125.01","6.05M","0.25%"
"10/01/2025","125.54","123.50","125.97","123.50","8.72M","1.64%"
"09/30/2025","123.51","126.00","126.00","122.55","10.10M","-0.60%"
"09/29/2025","124.26","123.13","124.60","122.50","10.56M","1.93%"
"09/26/2025","121.91","124.08","124.30","121.56","6.00M","-1.75%"
"09/25/2025","124.08","125.45","127.50","123.61","6.42M","-1.20%"
"09/24/2025","125.59","127.30","127.72","125.31","4.54M","-1.34%"
"09/23/2025","127.29","128.23","128.93","127.00","5.86M","-0.97%"
"09/22/2025","128.54","129.25","130.44","128.26","6.58M","-0.89%"
"09/19/2025","129.69","129.29","130.38","128.81","8.69M","0.31%"
"09/18/2025","129.29","129.91","130.85","128.60","7.53M","-0.03%"
"09/17/2025","129.33","129.45","130.50","128.80","9.41M","0.29%"
"09/16/2025","128.96","128.45","129.29","127.50","7.00M","0.61%"
"09/15/2025","128.18","126.20","130.35","126.01","22.26M","1.54%"
"09/12/2025","126.23","125.98","126.49","125.35","5.84M","0.56%"
"09/11/2025","125.53","126.31","126.79","125.40","4.77M","-0.52%"
"09/10/2025","126.18","125.10","127.27","125.05","8.95M","1.09%"
"09/09/2025","124.82","124.90","125.82","123.79","7.61M","0.20%"
"09/08/2025","124.57","124.10","125.65","123.57","7.88M","0.90%"
"09/05/2025","123.46","122.25","123.71","121.74","6.95M","1.50%"
"09/04/2025","121.63","124.09","124.56","121.21","7.73M","-1.58%"
"09/03/2025","123.58","123.65","124.23","122.69","7.34M","0.48%"
"09/02/2025","122.99","121.21","125.92","120.61","21.01M","2.03%"
"09/01/2025","120.54","118.40","120.90","118.23","7.84M","2.06%"
"08/29/2025","118.11","119.00","119.65","117.33","8.88M","-0.40%"
"08/28/2025","118.58","121.20","121.63","118.20","10.30M","-2.16%"
"08/26/2025","121.20","124.25","124.61","121.10","9.39M","-2.54%"
"08/25/2025","124.36","125.05","125.95","124.20","5.15M","-0.50%"
"08/22/2025","124.98","125.44","126.20","124.85","4.94M","-0.37%"
"08/21/2025","125.44","126.80","128.55","125.17","10.92M","-1.02%"
"08/20/2025","126.73","127.34","127.72","125.81","8.41M","-0.06%"
"08/19/2025","126.80","125.41","126.98","124.05","7.35M","1.63%"
"08/18/2025","124.77","125.44","126.74","124.50","6.01M","0.22%"
"08/14/2025","124.50","125.65","126.35","124.21","4.33M","-0.92%"
"08/13/2025","125.65","125.10","126.63","124.90","6.38M","0.50%"
"08/12/2025","125.03","127.00","127.70","124.90","11.31M","-1.41%"
"08/11/2025","126.82","125.28","127.49","124.55","11.78M","1.23%"
"08/08/2025","125.28","127.85","127.85","125.00","6.29M","-1.55%"
"08/07/2025","127.25","127.00","127.95","124.10","9.60M","-0.21%"
"08/06/2025","127.52","128.36","128.97","126.69","6.33M","-0.65%"
"08/05/2025","128.36","129.73","130.60","127.89","5.97M","-1.06%"
"08/04/2025","129.74","127.42","130.08","127.31","10.14M","2.25%"
"08/01/2025","126.89","128.34","129.07","126.37","8.80M","-1.13%"
"07/31/2025","128.34","130.09","130.24","127.00","11.61M","-2.33%"
"07/30/2025","131.40","132.22","133.84","130.69","7.58M","-0.62%"
"07/29/2025","132.22","131.00","132.76","130.38","7.16M","0.99%"
"07/28/2025","130.92","131.95","134.45","130.54","10.35M","-0.84%"
"07/25/2025","132.03","135.50","135.50","130.98","11.16M","-2.67%"
"07/24/2025","135.65","135.05","138.00","134.35","23.01M","0.59%"
"07/23/2025","134.85","133.71","136.80","133.04","53.10M","3.12%"
"07/22/2025","130.77","135.04","135.13","130.51","16.45M","-2.68%"
"07/21/2025","134.37","134.01","135.20","132.71","6.92M","0.40%"
"07/18/2025","133.84","134.99","135.43","133.70","6.41M","-0.79%"
"07/17/2025","134.91","136.00","136.10","134.41","6.64M","-0.40%"
"07/16/2025","135.45","135.29","136.50","135.02","7.46M","0.12%"
"07/15/2025","135.29","134.29","136.57","133.80","10.15M","0.88%"
"07/14/2025","134.11","135.25","135.40","133.70","8.06M","-0.86%"
"07/11/2025","135.28","137.00","137.37","135.00","6.92M","-1.35%"
"07/10/2025","137.13","137.60","138.94","136.77","5.71M","-0.33%"
"07/09/2025","137.59","138.20","139.00","137.14","5.70M","-0.44%"
"07/08/2025","138.20","138.54","139.39","136.80","6.42M","-0.25%"
"07/07/2025","138.54","139.17","140.00","138.25","5.32M","-0.50%"
"07/04/2025","139.24","139.75","140.47","138.31","6.60M","-0.33%"
"07/03/2025","139.70","140.31","141.48","139.27","6.72M","-0.43%"
"07/02/2025","140.31","141.50","142.60","139.40","8.09M","-0.84%"
"07/01/2025","141.50","142.06","143.15","140.72","8.32M","-0.16%"
"06/30/2025","141.72","140.19","142.79","140.10","11.93M","1.24%"
"06/27/2025","139.99","140.50","142.30","139.65","12.35M","0.09%"
"06/26/2025","139.87","139.57","140.32","138.20","11.72M","0.21%"
"06/25/2025","139.57","138.75","141.33","138.70","11.33M","0.69%"
"06/24/2025","138.62","138.20","140.15","138.03","13.64M","1.20%"
"06/23/2025","136.98","132.25","137.37","132.05","18.53M","2.07%"
"06/20/2025","134.20","132.35","136.10","132.30","19.22M","1.40%"
"06/19/2025","132.35","136.00","136.71","131.56","13.37M","-2.70%"
"06/18/2025","136.02","137.75","138.55","135.70","9.41M","-1.31%"
"06/17/2025","137.83","140.00","140.68","137.50","8.45M","-1.51%"
"06/16/2025","139.94","137.35","140.29","135.56","13.77M","1.16%"
"06/13/2025","138.33","136.01","139.71","136.01","16.26M","-1.52%"
"06/12/2025","140.47","145.54","146.19","140.11","17.97M","-3.42%"
"06/11/2025","145.45","145.90","147.68","144.47","15.75M","0.15%"
"06/10/2025","145.23","147.70","147.81","145.02","14.83M","-1.18%"
"06/09/2025","146.96","147.25","148.95","146.78","22.60M","0.38%"
"06/06/2025","146.41","145.40","147.50","143.90","25.33M","0.78%"
"06/05/2025","145.27","147.40","148.00","144.14","33.14M","0.22%"
"06/04/2025","144.95","140.81","146.79","139.00","60.46M","2.94%"
"06/03/2025","140.81","142.80","144.30","140.50","23.10M","-0.85%"
"06/02/2025","142.02","138.80","143.35","138.21","26.06M","2.21%"
"05/30/2025","138.95","140.10","141.40","137.85","13.74M","-0.72%"
"05/29/2025","139.96","140.90","142.24","139.20","15.89M","-0.27%"
"05/28/2025","140.34","140.19","141.69","139.81","15.88M","0.49%"
"05/27/2025","139.65","140.20","140.89","138.10","17.28M","-0.38%"
"05/26/2025","140.18","136.71","141.00","136.51","26.06M","2.54%"
"05/23/2025","136.71","137.00","137.75","134.59","15.54M","-0.09%"
"05/22/2025","136.83","137.00","139.00","135.24","14.98M","-0.91%"
"05/21/2025","138.08","136.71","139.31","135.59","19.24M","1.00%"
"05/20/2025","136.71","142.00","142.45","136.15","28.84M","-3.38%"
"05/19/2025","141.49","140.00","143.61","139.60","56.29M","2.08%"
"05/16/2025","138.61","130.80","140.22","130.00","85.47M","6.43%"
"05/15/2025","130.24","130.60","131.80","129.36","23.54M","0.22%"
"05/14/2025","129.96","125.00","130.28","124.70","30.89M","4.17%"
"05/13/2025","124.76","125.70","126.10","123.30","14.66M","-0.61%"
"05/12/2025","125.53","122.50","125.95","120.88","20.29M","7.83%"
"05/09/2025","116.42","115.50","117.75","114.33","18.64M","-2.12%"
"05/08/2025","118.94","122.50","123.44","118.00","10.64M","-1.91%"
"05/07/2025","121.25","116.99","121.90","116.69","16.86M","0.73%"
"05/06/2025","120.37","125.25","125.80","120.01","14.45M","-3.71%"
"05/05/2025","125.01","124.86","125.89","124.11","10.50M","0.65%"
"05/02/2025","124.20","124.34","126.85","124.00","13.48M","-0.22%"
"04/30/2025","124.47","126.99","127.25","123.50","11.62M","-1.94%"
"04/29/2025","126.93","128.59","129.50","126.69","14.09M","-0.19%"
"04/28/2025","127.17","128.00","129.60","125.63","27.14M","-1.27%"
"04/25/2025","128.80","133.49","134.14","126.22","30.37M","-3.46%"
"04/24/2025","133.42","135.00","137.66","133.00","28.86M","-0.70%"
"04/23/2025","134.36","133.00","135.11","129.23","27.53M","1.55%"
"04/22/2025","132.31","132.15","133.50","130.51","14.64M","0.67%"
"04/21/2025","131.43","130.00","132.10","128.58","15.83M","1.51%"
"04/17/2025","129.48","129.99","131.00","128.16","18.56M","0.33%"
"04/16/2025","129.06","129.00","129.94","128.02","14.42M","0.62%"
"04/15/2025","128.27","125.79","128.50","125.00","14.46M","3.35%"
"04/11/2025","124.11","126.00","126.40","123.40","9.78M","0.85%"
"04/09/2025","123.06","124.40","124.69","122.50","9.18M","-1.09%"
"04/08/2025","124.41","126.50","126.69","123.20","12.60M","1.63%"
"04/07/2025","122.42","113.00","124.05","113.00","23.55M","-1.94%"
"04/04/2025","124.84","127.62","128.71","124.10","15.39M","-3.34%"
"04/03/2025","129.16","125.20","129.50","125.16","16.35M","1.32%"
"04/02/2025","127.48","124.75","127.79","122.50","15.02M","2.49%"
"04/01/2025","124.38","122.81","125.21","122.36","17.76M","-0.03%"
"03/28/2025","124.42","125.95","129.20","124.00","22.40M","0.06%"
"03/27/2025","124.34","127.49","129.19","123.69","25.60M","-3.15%"
"03/26/2025","128.39","129.95","131.34","127.05","23.49M","-0.79%"
"03/25/2025","129.41","134.10","134.38","128.86","24.21M","-2.55%"
"03/24/2025","132.80","130.70","134.60","130.50","25.78M","2.42%"
"03/21/2025","129.66","128.00","130.60","127.00","18.90M","0.89%"
"03/20/2025","128.52","130.50","131.85","128.00","28.72M","0.32%"
"03/19/2025","128.11","122.50","128.50","122.25","28.68M","5.18%"
"03/18/2025","121.80","119.50","122.28","118.83","15.27M","2.55%"
"03/17/2025","118.77","118.01","119.72","117.61","13.32M","0.92%"
"03/13/2025","117.69","119.44","120.00","117.00","11.47M","-1.27%"
"03/12/2025","119.20","120.20","121.20","118.02","13.10M","-0.08%"
"03/11/2025","119.30","118.00","120.60","116.57","17.05M","-0.38%"
"03/10/2025","119.75","124.10","125.42","118.45","21.46M","-2.97%"
"03/07/2025","123.42","120.99","124.99","119.90","31.22M","2.35%"
"03/06/2025","120.59","119.51","121.38","118.80","23.21M","2.43%"
"03/05/2025","117.73","115.10","118.33","114.66","21.56M","2.74%"
"03/04/2025","114.59","111.20","115.35","110.00","42.34M","3.11%"
"03/03/2025","111.13","112.99","115.86","108.04","42.92M","-1.15%"
"02/28/2025","112.42","118.99","119.43","111.70","28.93M","-6.60%"
"02/27/2025","120.36","123.50","124.00","119.50","18.75M","-2.35%"
"02/25/2025","123.26","123.40","125.37","122.81","13.27M","-0.17%"
"02/24/2025","123.47","124.39","125.15","122.50","13.84M","-1.31%"
"02/21/2025","125.11","124.80","127.60","123.74","25.32M","0.26%"
"02/20/2025","124.78","123.69","125.98","122.40","13.86M","0.41%"
"02/19/2025","124.27","118.20","125.84","117.21","33.29M","4.19%"
"02/18/2025","119.27","121.80","122.19","117.85","17.61M","-2.06%"
"02/17/2025","121.78","120.72","122.83","117.88","22.54M","0.02%"
"02/14/2025","121.75","127.20","127.95","121.00","18.63M","-3.81%"
"02/13/2025","126.57","125.60","128.80","125.35","15.47M","0.97%"
"02/12/2025","125.35","126.00","127.10","119.29","36.50M","-0.71%"
"02/11/2025","126.25","131.34","131.65","125.50","20.57M","-3.66%"
"02/10/2025","131.05","133.50","134.50","130.62","13.46M","-1.78%"
"02/07/2025","133.43","135.99","136.20","133.00","16.86M","-2.11%"
"02/06/2025","136.31","137.93","138.70","135.60","11.53M","-1.17%"
"02/05/2025","137.93","137.98","140.10","137.50","13.09M","0.07%"
"02/04/2025","137.84","140.00","140.20","136.10","21.70M","0.73%"
"02/03/2025","136.84","137.34","139.24","133.45","36.24M","-3.10%"
"02/01/2025","141.22","151.90","155.52","139.15","76.89M","-6.44%"
"01/31/2025","150.94","149.18","152.57","146.26","50.65M","1.83%"
"01/30/2025","148.23","142.80","149.20","141.85","40.20M","4.59%"
"01/29/2025","141.73","138.70","142.25","138.45","19.56M","2.84%"
"01/28/2025","137.82","138.00","140.19","134.72","23.23M","0.56%"
"01/27/2025","137.05","139.00","139.19","135.81","15.98M","-2.58%"
"01/24/2025","140.68","141.60","143.18","139.00","15.84M","-0.49%"
"01/23/2025","141.37","139.00","144.40","138.11","17.67M","0.80%"
"01/22/2025","140.25","142.50","142.75","136.71","19.20M","-1.50%"
"01/21/2025","142.39","146.60","146.60","141.36","21.90M","-2.94%"
"01/20/2025","146.70","147.46","148.62","144.82","32.58M","0.35%"
"01/17/2025","146.19","142.98","146.90","141.90","30.93M","2.25%"
"01/16/2025","142.98","140.00","145.75","139.20","45.56M","3.94%"
"01/15/2025","137.56","140.50","140.50","134.81","34.46M","1.48%"
"01/14/2025","135.55","130.00","136.50","129.72","30.47M","5.54%"
"01/13/2025","128.44","134.00","135.77","127.71","30.29M","-5.36%"
"01/10/2025","135.71","139.71","140.40","135.25","21.71M","-3.38%"
"01/09/2025","140.46","144.00","144.25","140.05","12.45M","-2.30%"
"01/08/2025","143.77","146.20","146.50","142.00","16.31M","-1.53%"
"01/07/2025","146.00","146.20","147.78","144.80","13.31M","0.40%"
"01/06/2025","145.42","153.89","153.90","144.80","21.68M","-5.39%"
"01/03/2025","153.70","153.40","156.80","152.84","20.33M","1.09%"
"01/02/2025","152.04","150.65","152.47","150.00","14.37M","1.12%"
"01/01/2025","150.35","149.70","152.89","148.37","19.81M","0.88%"
"12/31/2024","149.04","149.99","150.69","145.69","41.31M","-2.81%"
"12/30/2024","153.35","146.05","158.00","144.70","40.68M","4.88%"
"12/27/2024","146.22","146.89","147.78","145.90","8.49M","-0.46%"
"12/26/2024","146.89","148.00","149.50","145.52","11.47M","-0.66%"
"12/24/2024","147.86","147.79","149.71","146.61","11.85M","0.05%"
"12/23/2024","147.79","149.00","150.28","146.90","14.76M","-0.42%"
"12/20/2024","148.41","152.19","154.19","148.00","16.34M","-2.90%"
"12/19/2024","152.84","148.50","153.49","148.10","15.02M","-0.33%"
"12/18/2024","153.35","156.00","156.88","153.05","13.69M","-2.11%"
"12/17/2024","156.66","158.75","160.33","156.00","18.05M","-1.43%"
"12/16/2024","158.94","160.00","162.80","158.50","19.18M","-0.24%"
"12/13/2024","159.32","161.50","161.83","156.09","27.37M","-2.10%"
"12/12/2024","162.73","164.90","166.90","161.36","39.53M","-1.32%"
"12/11/2024","164.91","156.85","165.99","156.55","86.85M","5.14%"
"12/10/2024","156.85","159.64","159.93","155.30","16.69M","-1.48%"
"12/09/2024","159.20","159.40","160.95","157.75","29.32M","0.76%"
"12/06/2024","158.00","150.84","159.64","150.55","62.32M","4.75%"
"12/05/2024","150.84","151.05","152.00","149.71","11.52M","-0.14%"
"12/04/2024","151.05","149.00","152.90","148.71","21.98M","1.92%"
"12/03/2024","148.20","148.00","149.26","147.52","12.16M","0.62%"
"12/02/2024","147.28","148.81","150.21","147.01","16.68M","-1.38%"
"11/29/2024","149.34","152.99","152.99","148.80","18.58M","-2.65%"
"11/28/2024","153.40","151.28","155.65","150.55","26.33M","1.93%"
"11/27/2024","150.49","146.69","151.70","145.84","22.05M","2.59%"
"11/26/2024","146.69","146.31","147.50","145.05","13.25M","0.26%"
"11/25/2024","146.31","149.00","150.70","145.65","23.57M","2.93%"
"11/22/2024","142.15","141.67","143.29","139.64","13.97M","0.34%"
"11/21/2024","141.67","145.21","145.69","140.75","20.06M","-2.42%"
"11/19/2024","145.18","140.30","146.96","139.83","36.80M","4.98%"
"11/18/2024","138.29","140.98","141.30","137.80","13.93M","-0.98%"
"11/14/2024","139.66","140.99","142.23","139.50","14.79M","0.03%"
"11/13/2024","139.62","144.70","145.90","139.30","16.37M","-3.92%"
"11/12/2024","145.32","148.00","150.25","144.61","13.17M","-1.41%"
"11/11/2024","147.40","147.51","151.20","145.32","18.85M","-0.77%"
"11/08/2024","148.54","152.00","152.75","147.00","14.68M","-3.48%"
"11/07/2024","153.90","155.00","157.22","152.86","19.23M","-0.07%"
"11/06/2024","154.01","153.00","154.89","151.81","18.12M","1.70%"
"11/05/2024","151.44","153.00","153.12","148.61","29.23M","-1.17%"
"11/04/2024","153.24","159.00","159.24","151.71","31.33M","-3.08%"
"11/01/2024","158.11","157.15","161.00","156.10","10.42M","1.38%"
"10/31/2024","155.96","155.40","159.90","152.71","55.53M","0.26%"
"10/30/2024","155.55","143.60","158.00","142.20","94.01M","8.37%"
"10/29/2024","143.53","144.70","145.09","140.73","17.50M","0.03%"
"10/28/2024","143.48","134.43","145.37","134.08","32.09M","6.73%"
"10/25/2024","134.43","138.33","139.28","132.80","18.71M","-3.31%"
"10/24/2024","139.03","139.00","140.85","137.46","12.50M","-0.28%"
"10/23/2024","139.42","137.99","141.37","133.40","26.29M","1.26%"
"10/22/2024","137.68","144.20","144.69","136.51","21.42M","-4.84%"
"10/21/2024","144.69","148.00","149.00","144.00","10.15M","-2.02%"
"10/18/2024","147.68","148.00","148.40","145.32","11.32M","-0.97%"
"10/17/2024","149.12","151.46","154.50","148.51","20.80M","-1.09%"
"10/16/2024","150.76","151.00","152.75","150.50","12.67M","-0.23%"
"10/15/2024","151.10","151.87","152.15","150.11","8.34M","-0.17%"
"10/14/2024","151.35","153.50","154.15","151.01","9.81M","-0.69%"
"10/11/2024","152.40","151.20","155.24","150.40","16.03M","0.64%"
"10/10/2024","151.43","154.20","154.40","151.06","10.80M","-1.34%"
"10/09/2024","153.48","154.62","155.69","153.00","23.78M","1.09%"
"10/08/2024","151.82","144.35","152.50","141.51","43.66M","5.17%"
"10/07/2024","144.35","152.07","153.45","143.20","35.66M","-5.08%"
"10/04/2024","152.07","151.60","153.44","146.88","29.05M","0.31%"
"10/03/2024","151.60","153.00","153.34","151.00","18.66M","-2.41%"
"10/01/2024","155.34","158.70","158.70","155.00","17.26M","-2.13%"
"09/30/2024","158.72","156.70","159.30","154.80","17.78M","1.22%"
"09/27/2024","156.81","156.85","158.84","156.16","13.16M","-0.03%"
"09/26/2024","156.85","156.90","159.54","154.83","16.97M","-0.06%"
"09/25/2024","156.94","158.70","158.70","156.37","10.61M","-1.13%"
"09/24/2024","158.74","160.00","160.40","158.00","14.79M","-0.51%"
"09/23/2024","159.56","163.00","163.00","158.15","19.79M","-1.16%"
"09/20/2024","161.43","156.00","163.30","154.58","51.10M","3.98%"
"09/19/2024","155.25","159.45","161.00","151.70","39.91M","-2.09%"
"09/18/2024","158.56","161.11","164.48","158.00","23.12M","-1.27%"
"09/17/2024","160.60","164.00","164.32","160.20","20.56M","-2.05%"
"09/16/2024","163.96","167.25","167.45","163.68","14.57M","-1.97%"
"09/13/2024","167.25","167.99","170.66","165.97","15.43M","0.14%"
"09/12/2024","167.02","166.58","168.55","163.52","19.02M","0.69%"
"09/11/2024","165.88","170.45","170.45","165.10","11.77M","-2.28%"
"09/10/2024","169.75","169.00","171.84","168.85","15.09M","0.84%"
"09/09/2024","168.33","169.84","170.00","165.11","20.75M","-0.89%"
"09/06/2024","169.85","173.48","174.17","168.10","21.77M","-2.09%"
"09/05/2024","173.48","176.70","176.85","173.00","15.77M","-1.44%"
"09/04/2024","176.02","176.50","178.00","175.60","12.22M","-1.37%"
"09/03/2024","178.46","178.00","179.17","177.09","10.42M","0.52%"
"09/02/2024","177.54","178.85","180.25","176.60","15.07M","-0.60%"
"08/30/2024","178.62","180.37","181.45","178.00","15.51M","-0.73%"
"08/29/2024","179.94","181.30","181.78","179.10","12.71M","-0.56%"
"08/28/2024","180.96","181.30","183.00","180.50","13.13M","0.06%"
"08/27/2024","180.85","181.05","183.27","180.25","12.77M","-0.11%"
"08/26/2024","181.05","184.00","184.20","180.70","14.60M","-1.29%"
"08/23/2024","183.41","181.00","187.33","180.00","31.15M","1.09%"
"08/22/2024","181.44","181.00","181.98","179.95","14.10M","0.50%"
"08/21/2024","180.53","179.01","181.40","178.70","15.73M","0.34%"
"08/20/2024","179.91","181.00","181.00","178.20","15.63M","-0.14%"
"08/19/2024","180.17","181.10","181.80","179.68","17.80M","0.78%"
"08/16/2024","178.77","181.00","182.25","178.35","19.96M","-0.16%"
"08/14/2024","179.06","182.86","183.30","176.70","28.17M","-1.43%"
"08/13/2024","181.65","186.50","189.45","180.00","45.90M","-1.58%"
"08/12/2024","184.56","180.00","187.45","179.80","64.02M","2.65%"
"08/09/2024","179.79","182.09","182.39","179.00","27.49M","-0.62%"
"08/08/2024","180.92","182.90","184.50","180.03","38.02M","-0.82%"
"08/07/2024","182.41","181.70","183.00","177.05","46.93M","3.43%"
"08/06/2024","176.36","182.00","187.00","175.13","49.56M","-1.68%"
"08/05/2024","179.38","180.03","185.60","178.00","84.91M","-6.73%"
"08/02/2024","192.33","186.50","193.40","184.58","41.36M","1.34%"
"08/01/2024","189.78","194.65","195.65","187.68","35.03M","-2.00%"
"07/31/2024","193.65","195.84","196.35","193.20","27.60M","-0.93%"
"07/30/2024","195.46","196.80","198.30","193.50","58.19M","0.10%"
"07/29/2024","195.27","185.92","197.50","184.64","109.65M","6.45%"
"07/26/2024","183.44","184.75","187.90","182.80","50.54M","-0.07%"
"07/25/2024","183.56","190.00","191.40","183.00","73.92M","-4.53%"
"07/24/2024","192.27","194.40","199.90","191.24","65.40M","-0.96%"
"07/23/2024","194.14","207.00","209.00","164.15","167.58M","-5.10%"
"07/22/2024","204.58","205.77","209.20","201.60","72.15M","-0.58%"
"07/19/2024","205.77","201.12","211.48","200.70","124.38M","-0.02%"
"07/18/2024","205.82","212.00","212.00","201.10","94.40M","-2.97%"
"07/16/2024","212.11","218.40","221.30","211.32","86.37M","-1.95%"
"07/15/2024","216.32","220.40","229.00","214.53","167.34M","-0.51%"
"07/12/2024","217.43","206.00","224.40","204.40","300.61M","5.56%"
"07/11/2024","205.98","207.40","209.10","201.02","121.50M","1.11%"
"07/10/2024","203.71","197.68","205.00","193.80","171.79M","4.01%"
"07/09/2024","195.85","209.80","213.24","192.20","152.54M","-3.05%"
"07/08/2024","202.02","193.50","206.00","193.50","260.96M","7.33%"
"07/05/2024","188.23","178.56","191.50","178.10","224.56M","5.91%"
"07/04/2024","177.72","177.85","180.20","176.50","35.39M","0.70%"
"07/03/2024","176.48","172.80","178.00","172.51","34.75M","2.62%"
"07/02/2024","171.97","172.50","173.25","170.01","19.31M","0.12%"
"07/01/2024","171.76","173.79","173.79","171.50","26.14M","-1.18%"
"06/28/2024","173.81","174.20","175.95","173.00","23.86M","0.37%"
"06/27/2024","173.17","175.50","177.80","172.50","27.46M","-1.07%"
"06/26/2024","175.04","175.69","177.25","174.20","22.77M","-0.32%"
"06/25/2024","175.61","177.60","178.60","175.08","23.35M","-0.71%"
"06/24/2024","176.87","176.00","180.99","174.33","50.59M","0.31%"
"06/21/2024","176.32","172.40","180.50","171.60","96.73M","2.33%"
"06/20/2024","172.30","173.19","174.18","171.70","17.54M","-0.53%"
"06/19/2024","173.22","176.18","176.19","171.33","26.76M","-1.42%"
"06/18/2024","175.71","176.00","178.60","175.05","38.75M","0.52%"
"06/14/2024","174.80","175.70","176.60","173.20","28.40M","-0.19%"
"06/13/2024","175.13","178.70","178.95","174.55","31.75M","-1.44%"
"06/12/2024","177.69","176.95","178.90","176.21","46.38M","0.85%"
"06/11/2024","176.20","175.40","178.00","173.66","66.68M","1.84%"
"06/10/2024","173.01","176.55","179.30","172.00","47.65M","-0.34%"
"06/07/2024","173.60","173.00","176.45","170.10","45.40M","0.32%"
"06/06/2024","173.05","172.00","177.90","167.80","70.25M","3.97%"
"06/05/2024","166.45","168.00","175.00","153.10","114.12M","0.91%"
"06/04/2024","164.95","189.00","189.00","151.20","198.10M","-12.70%"
"06/03/2024","188.95","200.00","200.00","186.30","112.29M","6.27%"
"05/31/2024","177.80","179.00","179.85","172.10","56.44M","0.68%"
"05/30/2024","176.60","180.30","182.10","175.80","43.58M","-2.05%"
"05/29/2024","180.30","178.50","181.75","175.30","54.95M","0.03%"
"05/28/2024","180.25","186.00","187.75","177.50","79.90M","-2.33%"
"05/27/2024","184.55","187.00","192.80","184.00","87.13M","0.30%"
"05/24/2024","184.00","188.80","190.80","182.75","87.95M","-1.34%"
"05/23/2024","186.50","177.00","191.65","175.90","215.70M","6.18%"
"05/22/2024","175.65","181.00","183.70","173.00","93.40M","-2.12%"
"05/21/2024","179.45","176.75","182.00","176.00","165.35M","3.58%"
"05/18/2024","173.25","173.25","173.25","173.25","","2.51%"
"05/17/2024","169.00","158.45","170.50","157.10","189.72M","7.20%"
"05/16/2024","157.65","156.90","159.50","155.60","45.00M","1.42%"
"05/15/2024","155.45","158.90","159.80","155.00","45.47M","-1.18%"
"05/14/2024","157.30","147.00","158.00","147.00","65.04M","7.81%"
"05/13/2024","145.90","148.05","148.45","143.10","20.34M","-1.45%"
"05/10/2024","148.05","147.75","149.55","142.45","27.21M","0.68%"
"05/09/2024","147.05","152.00","152.90","146.15","21.06M","-3.42%"
"05/08/2024","152.25","149.00","153.75","146.30","25.21M","1.64%"
"05/07/2024","149.80","154.45","155.10","148.50","29.87M","-3.76%"
"05/06/2024","155.65","157.80","158.20","151.50","40.46M","-0.86%"
"05/03/2024","157.00","159.80","160.50","155.15","31.29M","-1.20%"
"05/02/2024","158.90","158.40","161.20","156.20","37.98M","1.05%"
"04/30/2024","157.25","161.70","161.85","156.60","49.15M","-2.27%"
"04/29/2024","160.90","161.50","164.20","159.60","67.51M","1.80%"
"04/26/2024","158.05","151.00","159.00","149.60","131.17M","5.19%"
"04/25/2024","150.25","149.00","152.00","147.25","43.99M","0.84%"
"04/24/2024","149.00","149.00","150.45","147.50","44.59M","0.85%"
"04/23/2024","147.75","144.75","148.20","143.60","41.84M","2.53%"
"04/22/2024","144.10","143.00","145.00","142.40","23.61M","2.20%"
"04/19/2024","141.00","140.00","142.25","137.50","28.02M","-0.67%"
"04/18/2024","141.95","143.40","145.45","141.60","24.83M","0.18%"
"04/16/2024","141.70","139.80","142.60","138.10","25.01M","1.03%"
"04/15/2024","140.25","138.10","142.00","135.30","49.61M","-3.48%"
"04/12/2024","145.30","146.70","147.70","145.00","27.11M","-0.95%"
"04/10/2024","146.70","147.70","148.55","146.50","20.41M","-0.34%"
"04/09/2024","147.20","148.55","149.35","145.60","38.72M","-0.20%"
"04/08/2024","147.50","150.00","152.50","147.00","57.80M","-0.24%"
"04/05/2024","147.85","144.00","149.40","142.80","81.85M","2.85%"
"04/04/2024","143.75","147.00","148.30","143.50","38.59M","-1.07%"
"04/03/2024","145.30","145.00","147.80","144.50","42.67M","-0.55%"
"04/02/2024","146.10","146.05","148.15","144.30","59.24M","0.90%"
"04/01/2024","144.80","145.20","146.75","143.85","47.98M","1.72%"
"03/28/2024","142.35","144.95","147.80","141.30","50.96M","-0.35%"
"03/27/2024","142.85","147.50","150.95","141.60","89.91M","-1.96%"
"03/26/2024","145.70","142.40","148.70","140.95","120.89M","3.37%"
"03/22/2024","140.95","135.95","145.20","135.00","112.21M","4.21%"
"03/21/2024","135.25","137.00","137.65","134.80","35.78M","1.54%"
"03/20/2024","133.20","136.20","138.20","132.85","39.35M","-1.48%"
"03/19/2024","135.20","134.50","137.40","133.10","46.35M","0.19%"
"03/18/2024","134.95","138.35","139.60","132.85","56.72M","-1.46%"
"03/15/2024","136.95","140.70","145.85","133.50","122.34M","-2.35%"
"03/14/2024","140.25","120.90","142.50","116.65","194.52M","12.88%"
"03/13/2024","124.25","136.75","138.80","123.00","88.85M","-9.14%"
"03/12/2024","136.75","141.80","142.40","135.65","34.76M","-3.08%"
"03/11/2024","141.10","144.15","147.25","140.05","24.32M","-1.81%"
"03/07/2024","143.70","141.35","144.40","139.65","24.02M","2.28%"
"03/06/2024","140.50","145.20","145.70","140.00","26.19M","-3.14%"
"03/05/2024","145.05","144.90","148.40","143.80","23.05M","-0.34%"
"03/04/2024","145.55","149.40","149.50","144.65","22.04M","-2.12%"
"03/02/2024","148.70","148.60","149.30","148.10","4.12M","0.88%"
"03/01/2024","147.40","148.00","151.40","146.55","30.69M","0.44%"
"02/29/2024","146.75","146.00","150.25","140.80","63.49M","-0.44%"
"02/28/2024","147.40","152.85","153.40","145.50","39.95M","-2.77%"
"02/27/2024","151.60","152.90","156.65","151.00","44.00M","-0.46%"
"02/26/2024","152.30","154.30","156.40","151.75","35.56M","-0.59%"
"02/23/2024","153.20","153.70","156.40","152.70","34.43M","0.66%"
"02/22/2024","152.20","154.10","155.85","149.20","39.32M","-1.30%"
"02/21/2024","154.20","158.85","160.40","153.40","35.71M","-2.71%"
"02/20/2024","158.50","159.65","160.75","157.15","35.99M","-0.09%"
"02/19/2024","158.65","156.00","164.35","154.35","87.42M","2.06%"
"02/16/2024","155.45","159.75","161.40","155.00","41.90M","-2.17%"
"02/15/2024","158.90","156.30","161.50","154.90","77.04M","2.98%"
"02/14/2024","154.30","153.40","157.40","145.50","152.85M","0.55%"
"02/13/2024","153.45","132.00","156.30","127.65","240.63M","15.42%"
"02/12/2024","132.95","150.65","151.05","130.20","128.72M","-13.50%"
"02/09/2024","153.70","162.00","162.00","149.15","64.80M","-5.09%"
"02/08/2024","161.95","164.40","164.40","160.70","34.22M","-0.34%"
"02/07/2024","162.50","164.50","165.90","159.65","36.82M","0.99%"
"02/06/2024","160.90","161.40","164.20","152.10","81.43M","0.22%"
"02/05/2024","160.55","170.15","170.20","160.00","68.99M","-4.97%"
"02/02/2024","168.95","172.70","175.00","167.10","61.74M","-0.56%"
"02/01/2024","169.90","180.00","183.25","168.20","165.89M","-3.00%"
"01/31/2024","175.15","167.85","176.80","166.00","84.19M","5.10%"
"01/30/2024","166.65","171.40","172.15","164.15","69.40M","-2.46%"
"01/29/2024","170.85","177.30","178.30","169.30","74.34M","-1.73%"
"01/25/2024","173.85","174.75","178.30","171.50","100.07M","1.13%"
"01/24/2024","171.90","165.00","173.30","151.00","198.11M","6.57%"
"01/23/2024","161.30","185.80","192.80","158.75","269.11M","-8.48%"
"01/20/2024","176.25","166.60","176.25","166.60","97.85M","9.98%"
"01/19/2024","160.25","149.50","160.85","149.20","266.09M","9.57%"
"01/18/2024","146.25","153.00","155.00","136.30","272.13M","-1.91%"
"01/17/2024","149.10","138.00","150.70","133.05","336.46M","5.11%"
"01/16/2024","141.85","138.60","146.80","136.15","492.71M","9.03%"
"01/15/2024","130.10","116.70","134.75","116.70","448.45M","14.73%"
"01/12/2024","113.40","109.00","114.00","108.85","199.38M","6.13%"
"01/11/2024","106.85","104.70","109.30","104.25","191.29M","3.69%"
"01/10/2024","103.05","100.45","103.50","99.55","110.32M","2.95%"
"01/09/2024","100.10","100.90","102.20","99.90","44.80M","0.15%"
"01/08/2024","99.95","101.35","101.70","99.60","38.90M","-0.79%"
"01/05/2024","100.75","101.95","102.45","99.90","43.54M","-0.54%"
"01/04/2024","101.30","101.70","103.60","100.90","66.81M","0.40%"
"01/03/2024","100.90","100.20","101.95","99.00","96.84M","0.90%"
"01/02/2024","100.00","101.00","101.65","97.80","70.05M","-0.40%"
"01/01/2024","100.40","100.00","102.40","99.40","102.85M","1.06%"
"12/29/2023","99.35","96.70","100.50","96.50","153.20M","3.01%"
"12/28/2023","96.45","97.25","98.60","96.05","59.47M","-0.26%"
"12/27/2023","96.70","98.00","98.90","96.20","48.43M","-0.72%"
"12/26/2023","97.40","98.50","99.30","96.55","77.73M","-0.36%"
"12/22/2023","97.75","101.00","101.90","96.65","137.65M","-1.11%"
"12/21/2023","98.85","90.90","99.80","87.10","280.90M","6.92%"
"12/20/2023","92.45","102.20","104.10","91.30","263.94M","-7.64%"
"12/19/2023","100.10","94.95","101.50","94.50","328.19M","6.09%"
"12/18/2023","94.35","95.90","96.35","91.25","151.82M","-0.37%"
"12/15/2023","94.70","95.00","100.80","94.10","325.15M","2.21%"
"12/14/2023","92.65","84.95","96.20","84.80","475.98M","10.96%"
"12/13/2023","83.50","84.00","85.40","83.10","84.56M","0.54%"
"12/12/2023","83.05","84.45","86.50","82.05","135.49M","1.03%"
"12/11/2023","82.20","77.00","83.35","76.80","268.68M","7.31%"
"12/08/2023","76.60","76.10","77.65","75.60","47.32M","0.72%"
"12/07/2023","76.05","75.00","76.65","74.60","25.01M","0.33%"
"12/06/2023","75.80","76.50","76.55","75.60","24.15M","-0.46%"
"12/05/2023","76.15","77.00","77.20","75.80","28.02M","-0.33%"
"12/04/2023","76.40","78.00","78.15","76.15","54.34M","1.33%"
"12/01/2023","75.40","74.95","77.25","74.80","34.41M","1.00%"
"11/30/2023","74.65","75.45","75.45","74.15","19.00M","-0.86%"
"11/29/2023","75.30","76.00","76.35","75.00","14.64M","-0.40%"
"11/28/2023","75.60","76.45","76.75","75.25","25.08M","-0.66%"
"11/24/2023","76.10","76.85","77.50","75.90","21.60M","-0.52%"
"11/23/2023","76.50","76.80","77.40","76.35","22.78M","-0.26%"
"11/22/2023","76.70","77.30","78.10","75.50","35.59M","-0.20%"
"11/21/2023","76.85","76.50","78.20","76.35","49.89M","0.99%"
"11/20/2023","76.10","77.40","78.50","75.80","46.93M","-1.04%"
"11/17/2023","76.90","73.40","77.60","72.70","116.82M","5.20%"
"11/16/2023","73.10","73.75","73.90","73.00","15.23M","-0.54%"
"11/15/2023","73.50","74.40","74.80","73.15","19.87M","-0.20%"
"11/13/2023","73.65","74.60","74.65","73.55","21.47M","-1.54%"
"11/12/2023","74.80","74.90","75.40","74.70","8.15M","0.94%"
"11/10/2023","74.10","74.40","74.40","73.25","20.12M","-0.67%"
"11/09/2023","74.60","76.00","76.90","74.10","35.22M","-1.32%"
"11/08/2023","75.60","73.50","76.50","73.40","61.64M","3.49%"
"11/07/2023","73.05","73.25","74.30","72.80","32.74M","0.34%"
"11/06/2023","72.80","73.10","74.20","72.65","28.93M","0.90%"
"11/03/2023","72.15","72.70","73.35","71.05","35.99M","-1.23%"
"11/02/2023","73.05","74.00","74.55","72.80","22.24M","0.14%"
"11/01/2023","72.95","72.95","73.40","72.50","17.17M","0.48%"
"10/31/2023","72.60","73.70","74.40","72.10","44.61M","-0.21%"
"10/30/2023","72.75","72.45","73.10","69.90","44.72M","1.11%"
"10/27/2023","71.95","71.40","73.15","70.45","71.12M","2.49%"
"10/26/2023","70.20","68.90","71.40","65.75","109.97M","-0.14%"
"10/25/2023","70.30","73.40","74.90","68.00","67.36M","-2.63%"
"10/23/2023","72.20","77.50","77.95","72.00","59.34M","-6.29%"
"10/20/2023","77.05","77.60","79.25","76.65","34.57M","-0.71%"
"10/19/2023","77.60","76.10","78.40","75.80","36.28M","0.13%"
"10/18/2023","77.50","79.90","80.70","77.15","60.21M","-2.08%"
"10/17/2023","79.15","76.95","80.80","76.60","153.26M","3.74%"
"10/16/2023","76.30","77.20","77.25","76.20","23.19M","-0.39%"
"10/13/2023","76.60","75.00","78.35","74.50","78.76M","2.00%"
"10/12/2023","75.10","76.05","76.10","74.80","21.59M","-0.66%"
"10/11/2023","75.60","76.60","77.65","75.35","45.13M","-0.07%"
"10/10/2023","75.65","71.40","76.25","71.35","75.10M","6.32%"
"10/09/2023","71.15","72.65","72.95","70.35","49.81M","-4.94%"
"10/06/2023","74.85","74.80","76.00","73.80","27.41M","0.67%"
"10/05/2023","74.35","75.75","75.85","74.00","20.72M","-0.93%"
"10/04/2023","75.05","76.45","76.60","73.80","34.51M","-2.02%"
"10/03/2023","76.60","76.85","77.80","76.30","32.68M","0.07%"
"09/29/2023","76.55","75.30","77.55","74.60","39.25M","2.27%"
"09/28/2023","74.85","76.00","76.30","74.50","25.01M","-0.73%"
"09/27/2023","75.40","74.85","76.70","74.85","31.97M","-0.72%"
"09/26/2023","75.95","77.20","77.45","75.55","33.14M","-1.11%"
"09/25/2023","76.80","76.15","78.70","74.80","85.51M","2.26%"
"09/22/2023","75.10","75.00","76.10","71.35","94.87M","0.87%"
"09/21/2023","74.45","77.20","78.25","74.00","52.36M","-3.56%"
"09/20/2023","77.20","76.00","79.45","74.00","76.41M","0.78%"
"09/18/2023","76.60","79.70","79.70","76.30","73.96M","-3.47%"
"09/15/2023","79.35","81.75","82.15","78.75","77.02M","-2.34%"
"09/14/2023","81.25","81.00","82.00","78.75","129.80M","2.98%"
"09/13/2023","78.90","79.90","84.30","75.40","238.58M","-4.71%"
"09/12/2023","82.80","91.00","92.35","77.35","395.00M","-2.30%"
"09/11/2023","84.75","81.70","84.80","81.50","169.94M","9.92%"
"09/08/2023","77.10","74.70","77.95","74.65","179.29M","5.40%"
"09/07/2023","73.15","69.10","74.50","68.20","202.54M","6.40%"
"09/06/2023","68.75","73.50","74.00","67.25","204.00M","-4.84%"
"09/05/2023","72.25","69.75","75.70","69.50","573.87M","8.32%"
"09/04/2023","66.70","57.70","66.90","57.15","504.24M","19.64%"
"09/01/2023","55.75","50.50","56.50","50.10","236.07M","11.06%"
"08/31/2023","50.20","50.30","50.50","49.80","37.39M","0.80%"
"08/30/2023","49.80","50.00","50.85","49.60","57.58M","0.61%"
"08/29/2023","49.50","49.05","50.85","48.95","107.33M","1.64%"
"08/28/2023","48.70","48.90","49.30","48.50","42.44M","0.62%"
"08/25/2023","48.40","48.70","49.20","48.05","36.73M","-0.41%"
"08/24/2023","48.60","48.00","50.25","47.90","119.82M","1.78%"
"08/23/2023","47.75","48.00","48.15","47.60","29.61M","-0.21%"
"08/22/2023","47.85","48.10","48.20","47.60","40.88M","0.21%"
"08/21/2023","47.75","48.20","48.35","47.45","74.42M","1.06%"
"08/18/2023","47.25","47.65","49.00","46.40","127.98M","-0.84%"
"08/17/2023","47.65","50.00","50.00","46.70","155.22M","-7.02%"
"08/16/2023","51.25","50.90","52.70","50.40","207.50M","0.79%"
"08/14/2023","50.85","48.65","51.30","44.85","240.64M","3.99%"
"08/11/2023","48.90","49.70","50.15","48.50","69.08M","-1.11%"
"08/10/2023","49.45","48.95","50.30","48.85","108.93M","1.02%"
"08/09/2023","48.95","49.90","50.10","48.05","170.87M","-2.68%"
"08/08/2023","50.30","51.25","52.00","49.40","303.29M","1.11%"
"08/07/2023","49.75","45.95","50.65","45.70","306.86M","10.43%"
"08/04/2023","45.05","46.80","48.30","44.50","274.35M","0.78%"
"08/03/2023","44.70","39.90","45.30","39.75","454.94M","12.59%"
"08/02/2023","39.70","40.75","41.10","38.85","159.61M","-1.98%"
"08/01/2023","40.50","39.00","41.70","38.80","381.69M","6.02%"
"07/31/2023","38.20","35.50","38.55","35.15","216.01M","8.99%"
"07/28/2023","35.05","35.10","35.45","34.75","30.92M","0.57%"
"07/27/2023","34.85","35.35","35.35","34.55","37.68M","-1.13%"
"07/26/2023","35.25","34.65","36.25","34.60","85.25M","2.32%"
"07/25/2023","34.45","35.15","35.20","34.30","33.45M","-1.85%"
"07/24/2023","35.10","35.50","36.10","34.70","89.93M","0.43%"
"07/21/2023","34.95","33.30","35.20","33.20","172.78M","5.11%"
"07/20/2023","33.25","32.90","33.65","32.80","42.04M","1.22%"
"07/19/2023","32.85","32.70","32.95","32.55","14.12M","0.77%"
"07/18/2023","32.60","32.60","33.20","32.45","24.48M","0.31%"
"07/17/2023","32.50","32.55","32.80","32.35","17.53M","-0.15%"
"07/14/2023","32.55","32.50","32.80","32.45","10.99M","0.00%"
"07/13/2023","32.55","33.05","33.10","32.40","12.77M","-1.21%"
"07/12/2023","32.95","32.80","33.15","32.75","18.28M","0.15%"
"07/11/2023","32.90","32.95","33.10","32.80","13.41M","-0.15%"
"07/10/2023","32.95","33.25","33.25","32.80","13.20M","-0.45%"
"07/07/2023","33.10","33.30","33.50","32.90","14.91M","-0.75%"
"07/06/2023","33.35","33.50","33.65","33.25","18.66M","-0.30%"
"07/05/2023","33.45","33.20","34.15","33.15","41.59M","1.06%"
"07/04/2023","33.10","32.80","33.30","32.60","29.45M","1.07%"
"07/03/2023","32.75","32.85","33.00","32.70","16.29M","0.15%"
"06/30/2023","32.70","32.75","33.10","32.45","14.37M","0.15%"
"06/28/2023","32.65","32.65","32.85","32.50","9.65M","-0.15%"
"06/27/2023","32.70","32.35","33.00","32.10","23.65M","1.08%"
"06/26/2023","32.35","32.30","32.80","31.95","11.03M","0.31%"
"06/23/2023","32.25","32.80","32.85","32.15","24.31M","-1.68%"
"06/22/2023","32.80","33.05","33.15","32.65","14.11M","-0.76%"
"06/21/2023","33.05","33.30","33.55","32.90","23.05M","-0.15%"
"06/20/2023","33.10","32.85","33.20","32.65","17.41M","0.30%"
"06/19/2023","33.00","33.10","33.40","32.90","23.82M","0.15%"
"06/16/2023","32.95","33.00","33.25","32.80","18.03M","0.30%"
"06/15/2023","32.85","33.05","33.20","32.75","14.74M","-0.61%"
"06/14/2023","33.05","33.25","33.50","33.00","19.49M","0.15%"
"06/13/2023","33.00","33.05","33.25","32.80","16.81M","-0.15%"
"06/12/2023","33.05","33.25","33.30","32.90","18.48M","-0.30%"
"06/09/2023","33.15","33.55","33.60","32.95","24.83M","-0.75%"
"06/08/2023","33.40","34.15","34.20","33.10","46.91M","-1.33%"
"06/07/2023","33.85","32.45","34.10","32.30","99.89M","4.80%"
"06/06/2023","32.30","31.85","32.50","31.80","31.53M","1.57%"
"06/05/2023","31.80","32.05","32.15","31.75","23.68M","-0.63%"
"06/02/2023","32.00","32.30","32.40","31.90","18.16M","-0.47%"
"06/01/2023","32.15","32.25","32.45","32.00","20.79M","-0.16%"
"05/31/2023","32.20","32.00","32.30","31.80","25.34M","0.63%"
"05/30/2023","32.00","31.90","32.25","31.80","30.75M","-1.39%"
"05/29/2023","32.45","32.25","32.60","32.00","38.34M","1.72%"
"05/26/2023","31.90","32.00","32.25","31.20","52.28M","-0.31%"
"05/25/2023","32.00","33.90","34.15","31.65","78.92M","-5.47%"
"05/24/2023","33.85","33.25","34.30","33.15","49.42M","1.50%"
"05/23/2023","33.35","33.40","33.75","33.25","26.33M","0.00%"
"05/22/2023","33.35","33.55","33.70","33.15","39.04M","-0.45%"
"05/19/2023","33.50","34.10","34.25","33.05","38.62M","-1.18%"
"05/18/2023","33.90","34.40","34.65","33.70","43.14M","-0.29%"
"05/17/2023","34.00","33.65","34.65","33.60","87.77M","1.34%"
"05/16/2023","33.55","33.65","33.95","33.40","50.11M","0.30%"
"05/15/2023","33.45","33.60","33.95","33.05","48.80M","0.30%"
"05/12/2023","33.35","33.75","33.95","33.05","54.10M","-1.04%"
"05/11/2023","33.70","33.40","34.35","33.20","137.74M","2.59%"
"05/10/2023","32.85","32.90","33.50","31.90","94.42M","-0.15%"
"05/09/2023","32.90","35.25","35.55","32.70","126.91M","-5.60%"
"05/08/2023","34.85","35.25","36.05","34.70","158.91M","0.00%"
"05/05/2023","34.85","34.45","35.35","34.10","207.48M","1.90%"
"05/04/2023","34.20","36.05","37.40","34.00","275.12M","-3.53%"
"05/03/2023","35.45","33.70","36.05","33.55","343.15M","5.66%"
"05/02/2023","33.55","32.30","33.95","32.20","204.45M","5.67%"
"04/28/2023","31.75","31.70","32.35","31.50","94.57M","0.95%"
"04/27/2023","31.45","30.25","32.50","29.90","235.05M","3.97%"
"04/26/2023","30.25","31.05","31.60","30.05","124.81M","-1.79%"
"04/25/2023","30.80","29.85","31.20","29.35","165.44M","4.23%"
"04/24/2023","29.55","28.10","30.00","27.95","114.91M","5.35%"
"04/21/2023","28.05","28.30","28.55","27.90","15.54M","-0.53%"
"04/20/2023","28.20","27.95","28.35","27.80","21.18M","1.26%"
"04/19/2023","27.85","28.25","28.55","27.75","12.80M","-1.42%"
"04/18/2023","28.25","27.55","28.65","27.50","29.14M","2.54%"
"04/17/2023","27.55","27.50","27.65","27.25","10.15M","0.18%"
"04/13/2023","27.50","27.40","28.00","27.35","12.15M","0.55%"
"04/12/2023","27.35","27.65","27.75","27.25","10.63M","-0.91%"
"04/11/2023","27.60","27.60","27.90","27.55","10.35M","0.18%"
"04/10/2023","27.55","27.60","27.95","27.40","13.60M","0.36%"
"04/06/2023","27.45","27.35","27.70","27.20","12.06M","0.18%"
"04/05/2023","27.40","28.00","28.15","27.25","16.07M","-1.44%"
"04/03/2023","27.80","26.85","28.00","26.70","27.50M","4.51%"
"03/31/2023","26.60","26.50","27.30","26.45","17.21M","0.95%"
"03/29/2023","26.35","25.50","26.50","25.50","15.46M","3.33%"
"03/28/2023","25.50","26.00","26.00","25.40","10.18M","-1.54%"
"03/27/2023","25.90","26.60","26.90","25.75","14.68M","-2.45%"
"03/24/2023","26.55","26.90","26.95","26.45","9.41M","-0.93%"
"03/23/2023","26.80","26.90","27.05","26.70","9.75M","-0.56%"
"03/22/2023","26.95","26.95","27.25","26.85","9.52M","0.56%"
"03/21/2023","26.80","26.90","26.95","26.75","8.23M","0.37%"
"03/20/2023","26.70","26.95","26.95","26.50","12.82M","-1.11%"
"03/17/2023","27.00","27.25","27.50","26.85","14.47M","-0.18%"
"03/16/2023","27.05","27.00","27.25","26.40","16.15M","0.19%"
"03/15/2023","27.00","27.40","27.60","26.85","10.38M","-0.37%"
"03/14/2023","27.10","27.60","27.65","26.85","17.26M","-1.09%"
"03/13/2023","27.40","28.15","28.20","27.25","16.45M","-2.14%"
"03/10/2023","28.00","27.70","28.20","27.55","18.60M","0.54%"
"03/09/2023","27.85","28.10","28.75","27.75","29.46M","-0.71%"
"03/08/2023","28.05","28.20","28.30","27.90","16.95M","-0.53%"
"03/06/2023","28.20","28.45","29.20","28.10","24.03M","0.00%"
"03/03/2023","28.20","28.80","29.00","27.80","31.89M","-1.05%"
"03/02/2023","28.50","27.45","29.50","27.35","74.97M","4.40%"
"03/01/2023","27.30","26.95","28.20","26.90","27.76M","1.30%"
"02/28/2023","26.95","27.25","27.50","26.80","16.21M","-0.55%"
"02/27/2023","27.10","28.10","28.15","27.00","14.42M","-2.69%"
"02/24/2023","27.85","27.95","28.25","27.80","10.40M","0.36%"
"02/23/2023","27.75","27.80","28.40","27.65","17.48M","-0.54%"
"02/22/2023","27.90","28.20","28.20","27.80","14.41M","-1.24%"
"02/21/2023","28.25","28.30","28.60","28.15","11.29M","-0.88%"
"02/20/2023","28.50","28.95","29.00","28.20","13.48M","-0.87%"
"02/17/2023","28.75","28.90","29.20","28.65","17.61M","-0.69%"
"02/16/2023","28.95","29.60","29.95","28.80","37.73M","-2.85%"
"02/15/2023","29.80","29.00","30.10","28.80","108.46M","2.23%"
"02/14/2023","29.15","29.80","29.85","29.00","23.06M","-2.67%"
"02/13/2023","29.95","30.20","30.45","29.75","16.48M","-0.50%"
"02/10/2023","30.10","29.95","30.40","29.85","12.72M","0.00%"
"02/09/2023","30.10","30.25","30.35","29.80","12.97M","-0.82%"
"02/08/2023","30.35","30.10","30.80","29.55","29.21M","1.51%"
"02/07/2023","29.90","30.40","30.65","29.70","25.69M","-0.99%"
"02/06/2023","30.20","31.55","31.55","30.05","30.33M","-3.05%"
"02/03/2023","31.15","31.90","32.10","30.85","28.56M","-1.27%"
"02/02/2023","31.55","31.50","32.45","31.25","24.52M","0.16%"
"02/01/2023","31.50","33.85","34.15","30.80","78.44M","-4.69%"
"01/31/2023","33.05","31.55","33.25","31.40","35.81M","5.93%"
"01/30/2023","31.20","30.05","31.70","30.05","37.23M","-0.32%"
"01/27/2023","31.30","32.15","32.30","30.45","34.62M","-2.03%"
"01/25/2023","31.95","32.60","32.85","31.75","29.12M","-1.99%"
"01/24/2023","32.60","32.90","33.35","32.40","34.05M","-0.76%"
"01/23/2023","32.85","33.40","33.65","32.65","47.56M","-0.76%"
"01/20/2023","33.10","33.15","34.15","32.95","37.97M","-0.15%"
"01/19/2023","33.15","32.80","33.60","32.45","43.95M","0.30%"
"01/18/2023","33.05","32.90","33.40","32.80","26.28M","1.07%"
"01/17/2023","32.70","33.05","33.15","32.45","23.81M","-1.36%"
"01/16/2023","33.15","34.00","34.00","33.00","43.21M","-2.36%"
"01/13/2023","33.95","32.80","34.25","32.70","75.27M","3.66%"
"01/12/2023","32.75","32.30","32.90","32.00","41.15M","1.87%"
"01/11/2023","32.15","32.20","32.60","31.70","25.19M","0.00%"
"01/10/2023","32.15","32.85","32.90","32.05","22.38M","-1.68%"
"01/09/2023","32.70","33.05","33.35","32.55","28.65M","0.00%"
"01/06/2023","32.70","32.95","33.10","32.35","27.82M","-0.15%"
"01/05/2023","32.75","33.45","33.65","32.20","45.70M","-1.50%"
"01/04/2023","33.25","34.05","34.60","33.00","75.92M","-1.77%"
"01/03/2023","33.85","33.00","34.15","32.90","84.88M","2.89%"
"01/02/2023","32.90","32.70","33.35","32.50","40.17M","1.08%"
"12/30/2022","32.55","33.10","33.25","32.35","42.18M","-0.46%"
"12/29/2022","32.70","32.00","33.20","31.70","87.70M","0.62%"
"12/28/2022","32.50","32.15","33.20","31.55","104.60M","1.25%"
"12/27/2022","32.10","31.30","32.40","31.05","89.08M","5.77%"
"12/26/2022","30.35","28.25","30.80","27.85","136.60M","8.98%"
"12/23/2022","27.85","30.95","30.95","27.55","122.88M","-10.88%"
"12/22/2022","31.25","33.00","33.40","31.00","99.44M","-3.25%"
"12/21/2022","32.30","36.20","36.50","30.90","192.47M","-9.40%"
"12/20/2022","35.65","32.95","35.90","32.60","181.27M","8.52%"
"12/19/2022","32.85","32.30","33.25","32.20","38.42M","2.34%"
"12/16/2022","32.10","32.30","32.75","31.55","43.59M","-2.43%"
"12/15/2022","32.90","33.70","33.85","32.75","46.57M","-3.09%"
"12/14/2022","33.95","34.00","34.10","32.80","64.65M","0.44%"
"12/13/2022","33.80","33.95","34.70","33.60","105.84M","1.20%"
"12/12/2022","33.40","31.00","33.95","30.25","142.47M","7.57%"
"12/09/2022","31.05","32.20","32.50","30.60","65.34M","-3.57%"
"12/08/2022","32.20","33.25","33.30","31.95","55.31M","-2.57%"
"12/07/2022","33.05","33.15","33.65","32.70","70.79M","0.15%"
"12/06/2022","33.00","33.25","33.65","32.05","107.01M","-1.93%"
"12/05/2022","33.65","34.70","34.70","33.45","71.59M","-2.46%"
"12/02/2022","34.50","34.70","34.75","33.90","100.35M","0.88%"
"12/01/2022","34.20","33.20","34.65","32.55","198.52M","4.27%"
"11/30/2022","32.80","36.10","37.10","32.50","356.37M","-7.08%"
"11/29/2022","35.30","33.90","36.30","33.80","347.65M","5.22%"
"11/28/2022","33.55","32.00","34.80","31.80","321.46M","5.50%"
"11/25/2022","31.80","31.20","32.15","31.05","151.62M","2.91%"
"11/24/2022","30.90","29.50","31.70","29.40","239.99M","5.64%"
"11/23/2022","29.25","29.00","29.45","28.30","87.00M","1.04%"
"11/22/2022","28.95","28.20","30.20","28.10","174.09M","3.02%"
"11/21/2022","28.10","27.50","28.25","26.90","77.99M","2.18%"
"11/18/2022","27.50","28.10","28.45","26.80","108.88M","-1.43%"
"11/17/2022","27.90","27.25","28.70","27.15","215.98M","3.53%"
"11/16/2022","26.95","25.20","27.35","25.20","191.61M","6.94%"
"11/15/2022","25.20","24.85","25.55","24.85","35.05M","1.61%"
"11/14/2022","24.80","24.65","25.00","24.40","22.05M","1.22%"
"11/11/2022","24.50","24.95","25.10","24.30","18.76M","0.20%"
"11/10/2022","24.45","25.05","25.15","24.40","14.95M","-2.59%"
"11/09/2022","25.10","25.00","25.45","24.70","38.88M","1.62%"
"11/07/2022","24.70","23.95","25.25","23.95","52.08M","4.22%"
"11/04/2022","23.70","22.95","24.10","22.90","34.15M","3.95%"
"11/03/2022","22.80","22.65","23.05","22.55","11.77M","0.66%"
"11/02/2022","22.65","22.65","22.75","22.50","5.13M","0.44%"
"11/01/2022","22.55","22.75","22.90","22.45","7.74M","-0.44%"
"10/31/2022","22.65","22.50","22.90","22.40","8.25M","1.34%"
"10/28/2022","22.35","22.30","22.60","22.30","6.39M","0.22%"
"10/27/2022","22.30","22.25","22.45","22.05","6.71M","1.59%"
"10/25/2022","21.95","21.45","22.10","21.45","7.28M","1.62%"
"10/24/2022","21.60","21.70","21.70","21.50","2.87M","1.17%"
"10/21/2022","21.35","21.30","21.40","21.30","1.87M","0.23%"
"10/20/2022","21.30","21.45","21.45","21.25","2.14M","-0.70%"
"10/19/2022","21.45","21.50","21.50","21.35","3.81M","0.23%"
"10/18/2022","21.40","21.35","21.45","21.25","2.95M","0.47%"
"10/17/2022","21.30","21.40","21.40","21.20","2.90M","-0.47%"
"10/14/2022","21.40","21.40","21.55","21.35","2.74M","0.00%"
"10/13/2022","21.40","21.35","21.45","21.30","2.49M","0.23%"
"10/12/2022","21.35","21.45","21.50","21.35","2.25M","0.00%"
"10/11/2022","21.35","21.50","21.55","21.30","2.51M","-0.23%"
"10/10/2022","21.40","21.30","21.55","21.20","5.29M","0.23%"
"10/07/2022","21.35","21.35","21.40","21.25","1.79M","-0.23%"
"10/06/2022","21.40","21.45","21.45","21.35","2.41M","0.23%"
"10/04/2022","21.35","21.30","21.45","21.30","2.65M","0.47%"
"10/03/2022","21.25","21.20","21.35","21.15","3.53M","0.00%"
"09/30/2022","21.25","21.35","21.45","21.15","3.23M","-0.47%"
"09/29/2022","21.35","21.40","21.45","21.25","2.86M","0.47%"
"09/28/2022","21.25","21.80","21.80","21.05","6.15M","0.47%"
"09/27/2022","21.15","21.05","21.30","20.90","4.59M","1.20%"
"09/26/2022","20.90","21.25","21.25","20.80","6.26M","-1.88%"
"09/23/2022","21.30","21.50","21.50","21.25","3.35M","-0.70%"
"09/22/2022","21.45","21.50","21.55","21.30","3.12M","-0.23%"
"09/21/2022","21.50","21.65","21.85","21.40","5.10M","-0.69%"
"09/20/2022","21.65","21.60","21.80","21.55","2.77M","0.23%"
"09/19/2022","21.60","21.90","21.90","21.55","4.09M","-1.82%"
"09/16/2022","22.00","22.10","22.25","21.80","7.62M","-1.35%"
"09/15/2022","22.30","22.50","22.55","22.25","5.29M","-2.41%"
"09/14/2022","22.85","22.85","22.95","22.80","4.98M","-1.08%"
"09/13/2022","23.10","23.00","23.15","22.90","11.48M","0.65%"
"09/12/2022","22.95","22.85","23.05","22.60","11.93M","0.44%"
"09/09/2022","22.85","22.80","22.95","22.55","7.54M","0.44%"
"09/08/2022","22.75","22.85","23.00","22.70","8.54M","0.00%"
"09/07/2022","22.75","22.25","22.80","22.25","11.45M","1.56%"
"09/06/2022","22.40","22.15","22.50","22.10","7.03M","1.36%"
"09/05/2022","22.10","22.10","22.20","21.90","5.41M","0.68%"
"09/02/2022","21.95","21.80","22.00","21.60","7.21M","1.15%"
"09/01/2022","21.70","21.35","21.95","21.30","7.09M","1.40%"
"08/30/2022","21.40","21.50","21.50","21.35","2.99M","0.23%"
"08/29/2022","21.35","21.10","21.50","20.95","3.98M","0.47%"
"08/26/2022","21.25","21.25","21.50","21.20","4.05M","0.71%"
"08/25/2022","21.10","21.05","21.35","21.05","2.52M","0.24%"
"08/24/2022","21.05","20.95","21.10","20.90","5.54M","0.48%"
"08/23/2022","20.95","20.85","21.15","20.80","2.22M","0.00%"
"08/22/2022","20.95","21.30","21.30","20.90","3.00M","-1.41%"
"08/19/2022","21.25","21.40","21.55","21.25","3.21M","-0.70%"
"08/18/2022","21.40","21.30","21.55","21.25","3.37M","0.23%"
"08/17/2022","21.35","21.35","21.45","21.30","2.82M","0.00%"
"08/16/2022","21.35","21.40","21.45","21.25","3.29M","0.00%"
"08/12/2022","21.35","21.20","21.45","21.10","3.14M","0.71%"
"08/11/2022","21.20","21.50","21.60","21.15","3.38M","-0.70%"
"08/10/2022","21.35","21.40","21.60","21.25","3.70M","0.00%"
"08/08/2022","21.35","21.25","21.45","21.20","2.24M","0.47%"
"08/05/2022","21.25","21.30","21.45","21.20","2.67M","-0.23%"
"08/04/2022","21.30","21.45","21.65","21.15","5.18M","0.00%"
"08/03/2022","21.30","21.30","21.50","21.25","3.40M","0.24%"
"08/02/2022","21.25","21.00","21.40","20.95","3.47M","1.43%"
"08/01/2022","20.95","20.70","21.35","20.55","5.20M","1.70%"
"07/29/2022","20.60","20.45","20.70","20.45","2.69M","0.98%"
"07/28/2022","20.40","20.40","20.50","20.35","1.51M","0.49%"
"07/27/2022","20.30","20.40","20.40","20.25","1.36M","-0.49%"
"07/26/2022","20.40","20.50","20.55","20.40","1.04M","-0.73%"
"07/25/2022","20.55","20.75","20.80","20.45","2.62M","-0.96%"
"07/22/2022","20.75","20.60","20.95","20.55","2.69M","0.97%"
"07/21/2022","20.55","20.65","20.65","20.55","1.86M","-0.48%"
"07/20/2022","20.65","20.40","20.75","20.40","2.64M","0.98%"
"07/19/2022","20.45","20.25","20.50","20.20","1.73M","0.99%"
"07/18/2022","20.25","20.10","20.30","20.10","1.92M","0.75%"
"07/15/2022","20.10","20.05","20.20","19.95","3.89M","0.50%"
"07/14/2022","20.00","20.05","20.10","19.95","2.44M","-0.50%"
"07/13/2022","20.10","20.30","20.30","20.05","1.71M","-0.50%"
"07/12/2022","20.20","20.15","20.40","20.05","2.13M","0.25%"
"07/11/2022","20.15","19.95","20.25","19.90","2.14M","1.00%"
"07/08/2022","19.95","20.00","20.10","19.95","2.82M","0.00%"
"07/07/2022","19.95","20.00","20.10","19.90","2.26M","0.00%"
"07/06/2022","19.95","19.95","20.00","19.85","3.06M","0.25%"
"07/05/2022","19.90","19.85","20.00","19.80","2.17M","0.76%"
"07/04/2022","19.75","20.10","20.10","19.65","4.77M","-1.00%"
"07/01/2022","19.95","19.70","20.05","19.60","2.51M","1.53%"
"06/30/2022","19.65","19.65","19.70","19.55","2.83M","0.00%"
"06/29/2022","19.65","19.55","19.75","19.45","2.91M","0.00%"
"06/28/2022","19.65","19.80","19.80","19.55","3.88M","-0.51%"
"06/27/2022","19.75","19.85","19.90","19.70","3.44M","0.00%"
"06/24/2022","19.75","19.85","19.90","19.70","3.14M","-0.50%"
"06/23/2022","19.85","19.80","20.00","19.75","2.90M","-0.25%"
"06/22/2022","19.90","19.95","20.05","19.85","2.31M","-0.25%"
"06/21/2022","19.95","19.65","20.00","19.50","3.01M","2.31%"
"06/20/2022","19.50","19.80","19.85","19.30","4.78M","-1.52%"
"06/17/2022","19.80","20.10","20.10","19.75","6.56M","-1.98%"
"06/16/2022","20.20","20.80","20.80","20.00","7.87M","-2.65%"
"06/15/2022","20.75","20.75","20.80","20.70","3.06M","0.00%"
"06/14/2022","20.75","20.75","20.90","20.70","4.48M","-0.24%"
"06/13/2022","20.80","21.10","21.10","20.75","6.98M","-1.65%"
"06/10/2022","21.15","21.15","21.20","21.10","1.63M","-0.24%"
"06/09/2022","21.20","21.20","21.25","21.15","1.64M","-0.24%"
"06/08/2022","21.25","21.25","21.30","21.20","1.63M","0.00%"
"06/07/2022","21.25","21.25","21.30","21.15","5.47M","0.00%"
"06/06/2022","21.25","21.40","21.40","21.20","3.06M","-0.70%"
"06/03/2022","21.40","21.50","21.55","21.35","2.38M","-0.23%"
"06/02/2022","21.45","21.25","21.50","21.20","2.69M","0.94%"
"06/01/2022","21.25","21.30","21.35","21.20","4.62M","0.24%"
"05/31/2022","21.20","21.25","21.30","21.20","2.75M","-0.24%"
"05/30/2022","21.25","21.25","21.35","21.20","3.09M","0.24%"
"05/27/2022","21.20","21.30","21.45","21.00","4.76M","-0.24%"
"05/26/2022","21.25","21.30","21.40","21.10","3.48M","-0.23%"
"05/25/2022","21.30","21.70","21.70","21.25","3.08M","-1.16%"
"05/24/2022","21.55","21.50","21.70","21.30","3.82M","0.70%"
"05/23/2022","21.40","21.70","21.75","21.35","4.72M","-0.47%"
"05/20/2022","21.50","21.60","21.95","21.45","6.54M","0.47%"
"05/19/2022","21.40","21.35","21.65","21.25","4.27M","-0.70%"
"05/18/2022","21.55","21.65","21.80","21.50","3.20M","0.23%"
"05/17/2022","21.50","21.45","21.65","21.40","3.96M","0.70%"
"05/16/2022","21.35","21.35","21.90","21.25","6.33M","0.23%"
"05/13/2022","21.30","21.25","21.35","21.25","3.49M","0.71%"
"05/12/2022","21.15","21.40","21.40","21.10","6.47M","-1.17%"
"05/11/2022","21.40","21.50","21.55","21.20","5.82M","-0.23%"
"05/10/2022","21.45","21.80","21.85","21.45","6.63M","-1.15%"
"05/09/2022","21.70","21.70","21.75","21.45","4.37M","0.00%"
"05/06/2022","21.70","21.85","22.00","21.65","4.01M","-1.59%"
"05/05/2022","22.05","22.10","22.20","22.00","4.97M","0.23%"
"05/04/2022","22.00","22.25","22.35","22.00","5.02M","-1.12%"
"05/02/2022","22.25","22.25","22.30","22.15","5.57M","-0.22%"
"04/29/2022","22.30","22.40","22.65","22.20","5.98M","-0.45%"
"04/28/2022","22.40","22.45","22.50","22.20","5.20M","0.22%"
"04/27/2022","22.35","22.20","22.40","22.15","6.44M","0.22%"
"04/26/2022","22.30","22.30","22.40","22.25","4.01M","0.00%"
"04/25/2022","22.30","22.40","22.45","22.15","6.98M","-0.45%"
"04/22/2022","22.40","22.00","22.65","21.95","13.59M","1.59%"
"04/21/2022","22.05","22.10","22.25","22.05","5.05M","0.23%"
"04/20/2022","22.00","22.05","22.20","21.95","4.61M","0.00%"
"04/19/2022","22.00","22.10","22.40","21.90","8.63M","0.00%"
"04/18/2022","22.00","22.25","22.30","21.90","4.44M","-1.12%"
"04/13/2022","22.25","22.25","22.40","22.15","4.06M","0.00%"
"04/12/2022","22.25","22.40","22.45","22.10","5.42M","-1.11%"
"04/11/2022","22.50","22.60","22.65","22.40","5.64M","0.00%"
"04/08/2022","22.50","22.40","22.60","22.35","5.81M","0.90%"
"04/07/2022","22.30","22.20","22.35","22.15","6.16M","0.90%"
"04/06/2022","22.10","22.05","22.30","22.00","6.69M","-0.23%"
"04/05/2022","22.15","21.65","22.30","21.65","8.38M","2.31%"
"04/04/2022","21.65","21.60","21.85","21.55","13.26M","0.70%"
"04/01/2022","21.50","21.40","21.60","21.35","10.61M","0.23%"
"03/31/2022","21.45","21.55","21.70","21.40","8.04M","-0.23%"
"03/30/2022","21.50","21.65","21.75","21.45","6.81M","-0.23%"
"03/29/2022","21.55","21.85","21.90","21.55","6.50M","-1.15%"
"03/28/2022","21.80","22.10","22.25","21.75","7.16M","-1.36%"
"03/25/2022","22.10","22.35","22.40","22.05","5.57M","-0.90%"
"03/24/2022","22.30","22.35","22.45","22.25","4.41M","-0.22%"
"03/23/2022","22.35","22.35","22.60","22.25","6.97M","0.00%"
"03/22/2022","22.35","22.65","22.75","22.20","7.37M","-1.32%"
"03/21/2022","22.65","23.05","23.10","22.60","6.08M","-0.88%"
"03/17/2022","22.85","22.45","23.20","22.10","15.19M","2.70%"
"03/16/2022","22.25","22.25","22.35","22.10","4.42M","0.45%"
"03/15/2022","22.15","22.30","22.45","22.05","6.85M","0.23%"
"03/14/2022","22.10","21.85","22.15","21.65","7.38M","2.08%"
"03/11/2022","21.65","21.75","22.00","21.60","10.64M","-0.69%"
"03/10/2022","21.80","21.90","21.95","21.70","5.84M","0.69%"
"03/09/2022","21.65","21.65","21.75","21.55","5.00M","0.46%"
"03/08/2022","21.55","21.15","21.80","21.05","8.29M","1.65%"
"03/07/2022","21.20","21.45","21.45","21.10","5.51M","-1.62%"
"03/04/2022","21.55","21.70","21.70","21.45","4.80M","-0.92%"
"03/03/2022","21.75","21.80","21.85","21.65","4.15M","0.23%"
"03/02/2022","21.70","21.85","21.85","21.55","4.60M","0.46%"
"02/28/2022","21.60","21.40","21.65","21.20","3.72M","0.47%"
"02/25/2022","21.50","21.15","21.65","21.15","6.63M","2.38%"
"02/24/2022","21.00","21.65","21.65","20.90","15.56M","-4.55%"
"02/23/2022","22.00","21.75","22.10","21.75","13.66M","1.15%"
"02/22/2022","21.75","21.80","21.90","21.65","7.97M","-1.36%"
"02/21/2022","22.05","22.10","22.20","22.00","5.33M","-0.90%"
"02/18/2022","22.25","22.45","22.45","22.20","3.97M","-0.89%"
"02/17/2022","22.45","22.65","22.65","22.40","2.99M","-0.44%"
"02/16/2022","22.55","22.60","22.70","22.45","5.15M","0.22%"
"02/15/2022","22.50","22.35","22.55","22.10","6.33M","1.81%"
"02/14/2022","22.10","22.80","22.85","22.00","11.89M","-3.70%"
"02/11/2022","22.95","23.15","23.20","22.90","7.86M","-0.86%"
"02/10/2022","23.15","23.15","23.50","23.05","9.81M","0.43%"
"02/09/2022","23.05","23.05","23.15","23.00","3.69M","0.22%"
"02/08/2022","23.00","23.10","23.15","22.90","5.05M","-0.22%"
"02/07/2022","23.05","23.10","23.15","23.00","5.13M","0.00%"
"02/04/2022","23.05","23.20","23.30","23.00","5.33M","-0.65%"
"02/03/2022","23.20","23.25","23.35","23.15","4.15M","-0.22%"
"02/02/2022","23.25","23.25","23.40","23.15","5.78M","0.43%"
"02/01/2022","23.15","23.45","23.60","23.05","10.35M","-0.86%"
"01/31/2022","23.35","23.40","23.40","23.15","6.10M","1.30%"
"01/28/2022","23.05","23.05","23.30","23.00","5.70M","0.44%"
"01/27/2022","22.95","23.00","23.15","22.80","7.17M","-0.22%"
"01/25/2022","23.00","22.80","23.10","22.50","7.00M","0.66%"
"01/24/2022","22.85","23.35","23.50","22.75","12.32M","-1.93%"
"01/21/2022","23.30","23.50","23.85","23.25","8.03M","-1.06%"
"01/20/2022","23.55","23.55","23.75","23.50","5.62M","0.00%"
"01/19/2022","23.55","23.65","23.75","23.50","5.50M","-0.63%"
"01/18/2022","23.70","24.25","24.35","23.65","7.44M","-1.46%"
"01/17/2022","24.05","23.95","24.25","23.80","16.58M","1.48%"
"01/14/2022","23.70","23.00","23.75","22.90","16.83M","3.04%"
"01/13/2022","23.00","23.10","23.10","22.95","6.20M","-0.22%"
"01/12/2022","23.05","23.15","23.15","22.95","7.98M","0.44%"
"01/11/2022","22.95","22.95","23.20","22.85","11.34M","0.00%"
"01/10/2022","22.95","23.05","23.05","22.90","8.23M","0.00%"
"01/07/2022","22.95","23.00","23.05","22.90","5.35M","0.44%"
"01/06/2022","22.85","22.80","22.95","22.70","7.42M","0.00%"
"01/05/2022","22.85","23.05","23.10","22.70","7.13M","-0.87%"
"01/04/2022","23.05","23.10","23.20","22.95","6.40M","0.00%"
"01/03/2022","23.05","22.95","23.10","22.90","6.39M","0.88%"
"12/31/2021","22.85","22.90","23.00","22.80","3.54M","0.22%"
"12/30/2021","22.80","22.90","22.95","22.75","2.70M","-0.22%"
"12/29/2021","22.85","22.85","23.05","22.80","3.57M","0.22%"
"12/28/2021","22.80","22.60","22.90","22.55","4.06M","0.88%"
"12/27/2021","22.60","22.60","22.70","22.45","4.03M","0.22%"
"12/24/2021","22.55","22.85","22.85","22.45","6.59M","-1.53%"
"12/23/2021","22.90","22.70","23.05","22.65","8.52M","1.33%"
"12/22/2021","22.60","22.60","22.70","22.40","7.07M","0.44%"
"12/21/2021","22.50","22.55","22.75","22.45","7.25M","0.00%"
"12/20/2021","22.50","22.75","22.75","22.45","7.97M","-1.32%"
"12/17/2021","22.80","23.10","23.10","22.70","10.29M","-1.08%"
"12/16/2021","23.05","23.35","23.45","22.80","9.16M","-1.07%"
"12/15/2021","23.30","23.45","23.55","23.20","4.86M","-0.64%"
"12/14/2021","23.45","23.40","23.65","23.40","4.35M","-0.64%"
"12/13/2021","23.60","23.90","23.90","23.55","4.21M","-0.42%"
"12/10/2021","23.70","23.60","23.80","23.55","5.32M","0.42%"
"12/09/2021","23.60","23.55","23.80","23.35","5.50M","0.85%"
"12/08/2021","23.40","23.35","23.50","23.25","4.94M","0.86%"
"12/07/2021","23.20","23.50","23.60","23.10","6.33M","-0.43%"
"12/06/2021","23.30","23.50","23.55","23.20","5.98M","-0.43%"
"12/03/2021","23.40","23.20","23.75","23.20","5.63M","0.65%"
"12/02/2021","23.25","23.35","23.35","23.10","4.19M","0.43%"
"12/01/2021","23.15","23.40","23.45","23.10","5.90M","-0.43%"
"11/30/2021","23.25","23.15","23.60","23.15","4.27M","0.43%"
"11/29/2021","23.15","23.15","23.90","22.70","26.74M","-0.86%"
"11/26/2021","23.35","23.50","23.70","23.30","7.21M","-1.48%"
"11/25/2021","23.70","23.75","23.80","23.55","5.13M","-0.21%"
"11/24/2021","23.75","23.95","24.00","23.70","5.88M","-0.42%"
"11/23/2021","23.85","23.80","24.00","23.50","7.18M","0.42%"
"11/22/2021","23.75","23.50","24.00","23.35","15.14M","0.85%"
"11/18/2021","23.55","23.95","24.05","23.55","12.29M","-1.88%"
"11/17/2021","24.00","24.15","24.25","23.95","7.21M","-1.03%"
"11/16/2021","24.25","24.40","24.40","24.20","4.49M","-0.21%"
"11/15/2021","24.30","24.70","24.75","24.20","7.47M","-0.41%"
"11/12/2021","24.40","24.55","24.65","24.20","9.37M","-0.61%"
"11/11/2021","24.55","24.75","24.80","24.55","9.09M","-1.01%"
"11/10/2021","24.80","25.15","25.25","24.70","18.41M","-4.06%"
"11/09/2021","25.85","25.70","26.00","25.35","27.95M","1.77%"
"11/08/2021","25.40","25.50","25.65","25.05","22.36M","0.40%"
"11/04/2021","25.30","25.30","25.50","25.20","9.91M","1.00%"
"11/03/2021","25.05","24.70","25.20","24.55","19.66M","2.04%"
"11/02/2021","24.55","24.80","24.85","24.45","12.20M","-0.20%"
"11/01/2021","24.60","24.60","25.30","24.50","22.48M","1.65%"
"10/29/2021","24.20","23.85","24.35","23.25","16.11M","0.21%"
"10/28/2021","24.15","24.85","24.95","24.05","17.36M","-2.82%"
"10/27/2021","24.85","25.00","25.30","24.80","18.16M","-0.20%"
"10/26/2021","24.90","25.00","25.40","24.60","24.45M","-0.20%"
"10/25/2021","24.95","26.20","26.40","24.60","53.32M","-3.29%"
"10/22/2021","25.80","24.40","26.15","24.15","115.09M","6.61%"
"10/21/2021","24.20","23.65","24.35","23.60","25.33M","2.76%"
"10/20/2021","23.55","23.90","23.95","23.40","12.93M","-1.26%"
"10/19/2021","23.85","24.45","24.60","23.65","23.60M","-2.05%"
"10/18/2021","24.35","23.80","24.75","23.70","43.88M","3.18%"
"10/14/2021","23.60","23.70","23.85","23.60","12.70M","-0.21%"
"10/13/2021","23.65","23.50","24.10","23.40","13.95M","0.85%"
"10/12/2021","23.45","23.55","23.65","23.40","8.39M","-0.42%"
"10/11/2021","23.55","23.75","23.80","23.55","7.35M","-0.21%"
"10/08/2021","23.60","23.65","23.80","23.55","7.91M","0.21%"
"10/07/2021","23.55","23.85","23.90","23.50","9.13M","-0.42%"
"10/06/2021","23.65","23.60","24.20","23.55","40.51M","0.21%"
"10/05/2021","23.60","23.80","23.95","23.55","13.35M","-1.05%"
"10/04/2021","23.85","24.20","24.55","23.80","28.54M","-0.21%"
"10/01/2021","23.90","22.85","24.00","22.75","35.11M","4.60%"
"09/30/2021","22.85","22.90","23.05","22.70","14.64M","0.88%"
"09/29/2021","22.65","22.50","22.90","22.35","22.21M","1.34%"
"09/28/2021","22.35","22.40","22.50","22.30","11.35M","-0.45%"
"09/27/2021","22.45","22.40","22.50","22.35","8.67M","0.67%"
"09/24/2021","22.30","22.45","22.55","22.25","10.39M","-0.45%"
"09/23/2021","22.40","22.45","22.50","22.35","8.46M","0.22%"
"09/22/2021","22.35","22.45","22.60","22.30","9.72M","-0.22%"
"09/21/2021","22.40","22.70","22.75","22.35","10.14M","-1.10%"
"09/20/2021","22.65","22.75","22.90","22.60","10.24M","-0.66%"
"09/17/2021","22.80","22.90","22.95","22.70","24.88M","0.00%"
"09/16/2021","22.80","22.90","22.95","22.70","22.29M","-0.22%"
"09/15/2021","22.85","22.95","23.00","22.80","17.26M","-0.44%"
"09/14/2021","22.95","23.10","23.10","22.90","11.40M","0.00%"
"09/13/2021","22.95","23.10","23.15","22.90","8.64M","-0.43%"
"09/09/2021","23.05","23.05","23.10","23.00","3.85M","0.22%"
"09/08/2021","23.00","23.05","23.15","23.00","3.91M","0.00%"
"09/07/2021","23.00","23.10","23.15","22.95","5.30M","-0.22%"
"09/06/2021","23.05","23.10","23.15","23.00","3.78M","0.00%"
"09/03/2021","23.05","23.00","23.15","23.00","4.49M","0.22%"
"09/02/2021","23.00","23.10","23.15","22.95","4.62M","-0.22%"
"09/01/2021","23.05","23.05","23.15","22.95","5.75M","0.44%"
"08/31/2021","22.95","23.00","23.35","22.85","12.76M","-0.22%"
"08/30/2021","23.00","22.90","23.15","22.90","6.51M","0.66%"
"08/27/2021","22.85","22.85","23.00","22.75","6.67M","-0.22%"
"08/26/2021","22.90","23.10","23.20","22.85","4.39M","-0.65%"
"08/25/2021","23.05","23.00","23.25","23.00","3.96M","0.44%"
"08/24/2021","22.95","22.60","23.05","22.60","8.23M","0.88%"
"08/23/2021","22.75","23.15","23.30","22.55","9.14M","-1.09%"
"08/20/2021","23.00","23.30","23.35","22.95","9.05M","-1.92%"
"08/18/2021","23.45","23.35","23.90","23.10","7.91M","0.43%"
"08/17/2021","23.35","23.75","23.75","23.25","7.97M","-1.68%"
"08/16/2021","23.75","24.25","24.25","23.65","9.16M","-0.21%"
"08/13/2021","23.80","24.00","24.15","23.70","9.73M","-0.63%"
"08/12/2021","23.95","23.15","24.10","23.05","13.67M","3.90%"
"08/11/2021","23.05","23.05","23.20","22.80","8.66M","0.00%"
"08/10/2021","23.05","23.55","23.55","23.00","7.34M","-2.12%"
"08/09/2021","23.55","23.55","23.65","23.35","7.67M","0.00%"
"08/06/2021","23.55","23.50","23.60","23.30","8.22M","-0.42%"
"08/05/2021","23.65","23.60","23.80","23.20","10.47M","0.21%"
"08/04/2021","23.60","23.65","23.70","23.20","15.81M","0.21%"
"08/03/2021","23.55","23.35","23.75","23.25","11.06M","1.07%"
"08/02/2021","23.30","23.15","23.80","23.10","18.87M","1.30%"
"07/30/2021","23.00","22.95","23.20","22.85","7.02M","0.66%"
"07/29/2021","22.85","23.00","23.10","22.85","6.72M","-0.65%"
"07/28/2021","23.00","23.05","23.10","22.85","8.78M","-0.43%"
"07/27/2021","23.10","23.25","23.35","23.00","8.96M","-0.65%"
"07/26/2021","23.25","23.25","23.40","23.20","7.57M","-0.21%"
"07/23/2021","23.30","23.60","23.60","23.25","6.70M","-1.06%"
"07/22/2021","23.55","23.40","23.65","23.30","9.45M","1.29%"
"07/20/2021","23.25","23.35","23.45","23.20","7.50M","-0.43%"
"07/19/2021","23.35","23.25","23.45","23.15","9.18M","0.21%"
"07/16/2021","23.30","23.35","23.55","23.25","16.21M","0.43%"
"07/15/2021","23.20","23.55","23.60","23.20","13.07M","-1.28%"
"07/14/2021","23.50","23.80","23.85","23.45","15.29M","-0.84%"
"07/13/2021","23.70","23.95","24.05","23.70","13.75M","-0.63%"
"07/12/2021","23.85","23.95","24.00","23.65","13.60M","0.63%"
"07/09/2021","23.70","23.85","23.90","23.65","8.65M","-0.42%"
"07/08/2021","23.80","23.85","24.20","23.70","14.74M","0.00%"
"07/07/2021","23.80","23.85","24.35","23.65","16.10M","-1.04%"
"07/06/2021","24.05","24.35","24.50","23.75","17.32M","-1.23%"
"07/05/2021","24.35","24.50","24.65","24.25","20.32M","0.00%"
"07/02/2021","24.35","24.45","24.60","24.25","14.43M","0.41%"
"07/01/2021","24.25","24.95","25.00","24.20","23.82M","-2.41%"
"06/30/2021","24.85","25.40","25.45","24.60","34.85M","-1.78%"
"06/29/2021","25.30","24.90","26.45","24.70","100.01M","2.22%"
"06/28/2021","24.75","25.00","25.10","24.70","14.04M","0.20%"
"06/25/2021","24.70","24.70","24.85","24.60","8.12M","0.00%"
"06/24/2021","24.70","24.95","25.00","24.65","8.41M","-0.60%"
"06/23/2021","24.85","25.10","25.10","24.70","13.10M","-0.40%"
"06/22/2021","24.95","25.20","25.30","24.90","19.44M","0.20%"
"06/21/2021","24.90","24.50","24.95","24.30","14.32M","1.43%"
"06/18/2021","24.55","25.00","25.20","24.20","78.06M","-0.61%"
"06/17/2021","24.70","24.90","25.25","24.55","24.33M","-1.00%"
"06/16/2021","24.95","25.30","25.50","24.85","27.41M","-0.99%"
"06/15/2021","25.20","25.00","25.60","24.80","54.06M","2.02%"
"06/14/2021","24.70","24.70","24.80","24.20","18.11M","1.02%"
"06/11/2021","24.45","24.60","24.75","24.35","15.84M","-0.20%"
"06/10/2021","24.50","24.50","24.70","24.30","17.13M","0.82%"
"06/09/2021","24.30","24.85","24.95","24.20","28.03M","-1.82%"
"06/08/2021","24.75","24.95","25.00","24.40","25.86M","0.20%"
"06/07/2021","24.70","24.00","24.85","23.90","42.83M","4.22%"
"06/04/2021","23.70","23.55","23.95","23.45","21.33M","0.42%"
"06/03/2021","23.60","23.60","23.70","23.55","10.75M","0.43%"
"06/02/2021","23.50","23.55","24.00","23.45","12.96M","-0.42%"
"06/01/2021","23.60","23.80","23.90","23.50","11.78M","-0.63%"
"05/31/2021","23.75","23.45","23.95","23.35","19.40M","1.28%"
"05/28/2021","23.45","23.65","23.75","23.30","10.53M","-0.85%"
"05/27/2021","23.65","23.85","23.95","23.55","10.13M","-0.84%"
"05/26/2021","23.85","24.10","24.10","23.80","10.67M","-0.42%"
"05/25/2021","23.95","24.20","24.25","23.85","15.74M","-0.21%"
"05/24/2021","24.00","23.85","24.15","23.70","32.82M","2.78%"
"05/21/2021","23.35","23.20","23.40","23.15","14.71M","1.08%"
"05/20/2021","23.10","23.20","23.65","22.95","22.00M","0.00%"
"05/19/2021","23.10","23.10","23.55","23.05","19.15M","0.00%"
"05/18/2021","23.10","23.25","23.25","22.90","10.00M","0.22%"
"05/17/2021","23.05","23.15","23.45","23.00","13.82M","0.00%"
"05/14/2021","23.05","23.70","23.85","23.00","18.23M","-1.50%"
"05/12/2021","23.40","23.00","23.80","23.00","34.16M","1.96%"
"05/11/2021","22.95","22.35","23.10","22.20","33.12M","1.77%"
"05/10/2021","22.55","21.15","22.70","21.10","51.35M","6.87%"
"05/07/2021","21.10","21.10","21.15","21.00","8.32M","0.00%"
"05/06/2021","21.10","21.10","21.15","21.00","7.53M","0.48%"
"05/05/2021","21.00","21.00","21.20","20.95","9.38M","0.24%"
"05/04/2021","20.95","21.15","21.15","20.90","26.42M","-0.48%"
"05/03/2021","21.05","21.15","21.25","20.95","17.51M","-1.17%"
"04/30/2021","21.30","21.05","21.40","21.00","11.71M","0.71%"
"04/29/2021","21.15","21.30","21.30","21.10","9.52M","0.00%"
"04/28/2021","21.15","21.30","21.35","21.10","14.51M","-0.24%"
"04/27/2021","21.20","21.10","21.50","21.05","14.18M","0.95%"
"04/26/2021","21.00","21.10","21.35","20.95","12.05M","-0.47%"
"04/23/2021","21.10","21.10","21.50","21.00","15.60M","0.24%"
"04/22/2021","21.05","21.15","21.30","21.00","8.98M","-0.94%"
"04/20/2021","21.25","21.15","21.65","21.10","12.20M","0.47%"
"04/19/2021","21.15","21.20","21.35","20.90","10.48M","-2.76%"
"04/16/2021","21.75","21.25","22.00","21.05","22.17M","3.08%"
"04/15/2021","21.10","21.30","21.35","20.90","18.17M","-1.63%"
"04/13/2021","21.45","20.85","21.50","20.80","14.83M","2.88%"
"04/12/2021","20.85","21.85","21.85","20.80","25.94M","-5.01%"
"04/09/2021","21.95","22.00","22.05","21.90","16.40M","0.00%"
"04/08/2021","21.95","22.10","22.35","21.90","18.03M","-0.90%"
"04/07/2021","22.15","22.00","22.30","21.90","14.51M","0.68%"
"04/06/2021","22.00","22.50","22.50","21.90","25.09M","-2.22%"
"04/05/2021","22.50","22.85","22.90","22.30","20.11M","-1.53%"
"04/01/2021","22.85","23.00","23.20","22.70","18.37M","-0.22%"
"03/31/2021","22.90","22.95","23.10","22.90","11.77M","-0.22%"
"03/30/2021","22.95","23.15","23.30","22.90","14.31M","-0.43%"
"03/26/2021","23.05","23.20","23.30","22.90","16.32M","0.44%"
"03/25/2021","22.95","23.45","23.55","22.90","19.23M","-2.13%"
"03/24/2021","23.45","23.80","23.90","23.40","16.79M","-1.47%"
"03/23/2021","23.80","23.90","24.10","23.75","13.74M","-0.42%"
"03/22/2021","23.90","24.00","24.50","23.85","13.82M","-0.21%"
"03/19/2021","23.95","24.00","24.10","23.50","15.26M","-0.42%"
"03/18/2021","24.05","24.20","24.60","23.90","16.17M","-0.41%"
"03/17/2021","24.15","24.55","24.60","24.10","14.31M","-1.63%"
"03/16/2021","24.55","24.65","24.80","24.50","9.65M","-0.41%"
"03/15/2021","24.65","24.90","24.95","24.50","17.39M","-0.80%"
"03/12/2021","24.85","24.90","25.05","24.80","17.09M","0.00%"
"03/10/2021","24.85","25.00","25.10","24.85","11.36M","-0.40%"
"03/09/2021","24.95","24.95","25.50","24.80","21.38M","0.40%"
"03/08/2021","24.85","25.10","25.25","24.80","16.35M","-0.40%"
"03/05/2021","24.95","25.40","25.55","24.80","25.26M","-1.77%"
"03/04/2021","25.40","25.25","25.70","25.25","21.74M","-0.39%"
"03/03/2021","25.50","25.80","25.95","25.45","18.81M","-0.58%"
"03/02/2021","25.65","26.10","26.30","25.45","48.49M","-0.97%"
"03/01/2021","25.90","24.65","26.70","24.65","93.58M","5.07%"
"02/26/2021","24.65","24.85","24.95","24.50","36.42M","-1.20%"
"02/25/2021","24.95","24.95","25.20","24.90","22.76M","0.20%"
"02/24/2021","24.90","24.90","25.20","24.85","10.96M","-0.20%"
"02/23/2021","24.95","25.00","25.15","24.90","13.02M","-0.20%"
"02/22/2021","25.00","25.30","25.40","24.95","16.65M","-1.38%"
"02/19/2021","25.35","25.65","25.70","25.20","14.54M","-1.17%"
"02/18/2021","25.65","25.45","25.80","25.40","21.02M","1.38%"
"02/17/2021","25.30","25.30","25.60","24.90","28.64M","-2.32%"
"02/16/2021","25.90","25.90","26.00","25.80","34.56M","0.58%"
"02/15/2021","25.75","26.20","26.20","25.65","45.63M","1.38%"
"02/12/2021","25.40","25.50","25.55","25.30","15.66M","0.00%"
"02/11/2021","25.40","25.40","25.65","25.25","13.59M","0.00%"
"02/10/2021","25.40","25.40","25.80","25.00","33.13M","0.40%"
"02/09/2021","25.30","25.75","25.80","25.20","25.24M","-1.75%"
"02/08/2021","25.75","25.90","25.95","25.60","28.32M","0.19%"
"02/05/2021","25.70","25.60","26.20","25.55","56.32M","1.38%"
"02/04/2021","25.35","24.25","25.80","23.85","88.49M","4.54%"
"02/03/2021","24.25","24.80","24.90","24.05","45.82M","-2.02%"
"02/02/2021","24.75","25.45","25.45","24.70","36.74M","-1.39%"
"02/01/2021","25.10","25.25","25.40","24.90","72.04M","1.21%"